epoch,loss_control,loss_decrease,loss_positive,step,train_loss,val_loss
0,0.0,0.0020062339026480913,0.0017220880836248398,49,5.73908805847168,
0,0.0,0.0017439047805964947,0.0012445386964827776,99,4.735317230224609,
0,0.0,0.0009326869039796293,1.3834775927534793e-05,149,1.8815525770187378,
0,0.0,0.0008625304326415062,0.0003640433424152434,199,2.0925421714782715,
0,0.0,0.00044650828931480646,0.0013649051543325186,249,2.2593283653259277,
0,0.0,0.0007783357286825776,0.004967970307916403,299,6.527299880981445,
0,,,,312,,0.8952169418334961
1,0.0,0.0008768356638029218,0.0015460667200386524,349,3.3023951053619385,
1,0.0,0.0006001405417919159,0.001376965083181858,399,2.578652858734131,
1,0.0,0.0005866737919859588,9.429838246433064e-05,449,1.2696772813796997,
1,0.0,0.0005444540875032544,0.001070745405741036,499,2.1626229286193848,
1,0.0,0.000809456396382302,0.001246232190169394,549,2.867645263671875,
1,0.0,0.0008772534783929586,0.002600096631795168,599,4.358198165893555,
1,,,,625,,0.5033310651779175
2,0.0,0.0005543229635804892,0.000495249405503273,649,1.6063957214355469,
2,0.0,0.0005486380541697145,8.509769395459443e-05,699,1.183936595916748,
2,0.0,0.00012077346036676317,7.107562123565003e-05,749,0.3137163519859314,
2,0.0,0.0003374452644493431,0.0002135351242031902,799,0.889832079410553,
2,0.0,0.0005175906699150801,0.0004731133230961859,849,1.509389042854309,
2,0.0,0.00031160880462266505,0.0,899,0.6244676113128662,
2,,,,938,,0.36317241191864014
3,0.0,0.0003144860966131091,0.0010136410128325224,949,1.6452698707580566,
3,0.0,0.00016737650730647147,0.00035221956204622984,999,0.6882226467132568,
3,0.0,0.00024485134053975344,8.358735067304224e-05,1049,0.5750089287757874,
3,0.0,0.00010960787767544389,5.778704144177027e-05,1099,0.27802392840385437,
3,0.0,0.0004526760312728584,0.0004891073331236839,1149,1.396022081375122,
3,0.0,0.00019495972082950175,2.307874456164427e-05,1199,0.4142482876777649,
3,0.0,0.0006285483250394464,0.0005089164478704333,1249,1.7677321434020996,
3,,,,1251,,0.28254246711730957
4,0.0,0.00014470666064880788,0.0,1299,0.29066333174705505,
4,0.0,0.0005308263353072107,0.0002006601425819099,1349,1.264656901359558,
4,0.0,0.0004787757061421871,0.0009163711220026016,1399,1.8765788078308105,
4,0.0,0.0001021457210299559,3.1268074963008985e-05,1449,0.23680974543094635,
4,0.0,0.00032795226434245706,0.0003804276348091662,1499,1.0378949642181396,
4,0.0,0.00025314983213320374,0.0002869850432034582,1549,0.795316219329834,
4,,,,1564,,0.3908478617668152
5,0.0,0.0008575462270528078,4.453923338587629e-06,1599,1.7222026586532593,
5,0.0,0.00018469411588739604,1.8538081349106506e-05,1649,0.3893326222896576,
5,0.0,0.0003427289775572717,0.00016817435971461236,1699,0.8556637763977051,
5,0.0,0.0006187258404679596,0.0005536559037864208,1749,1.7945454120635986,
5,0.0,0.00012816395610570908,0.00020717232837341726,1799,0.46490663290023804,
5,0.0,7.253329386003315e-05,8.119837730191648e-05,1849,0.22778385877609253,
5,,,,1877,,0.3540189862251282
6,0.0,0.0003947192744817585,0.0017249397933483124,1899,2.5159411430358887,
6,0.0,7.449302211171016e-05,0.0002642553299665451,1949,0.4140227437019348,
6,0.0,0.00035336712608113885,0.0,1999,0.7090780138969421,
6,0.0,0.00021214090520516038,0.0,2049,0.4253755509853363,
6,0.0,0.00016230277833528817,2.6007288397522643e-05,2099,0.3526441752910614,
6,0.0,6.730158202117309e-05,3.9792026655049995e-05,2149,0.17533276975154877,
6,,,,2190,,0.2735607624053955
7,0.0,0.0002859789237845689,3.08247581415344e-05,2199,0.6051267385482788,
7,0.0,0.00024308086722157896,0.00024006605963222682,2249,0.728884220123291,
7,0.0,0.0002484554424881935,0.0007275340030901134,2299,1.2261638641357422,
7,0.0,0.00020554383809212595,0.00014181630103848875,2349,0.5543104410171509,
7,0.0,0.00012877183326054364,0.0,2399,0.25910618901252747,
7,0.0,0.00016954512102529407,0.0,2449,0.3406527638435364,
7,0.0,0.00014828061102889478,0.0,2499,0.29796749353408813,
7,,,,2503,,0.18426422774791718
8,0.0,5.516409146366641e-05,0.0,2549,0.11157818883657455,
8,0.0,0.00016403759946115315,0.0,2599,0.32932519912719727,
8,0.0,0.00026046164566650987,0.00034190210863016546,2649,0.8647006154060364,
8,0.0,0.00015187583630904555,4.9806538299890235e-05,2699,0.35512080788612366,
8,0.0,0.00010289513738825917,0.0,2749,0.20829026401042938,
8,0.0,0.00025824629119597375,0.0,2799,0.5188363194465637,
8,,,,2816,,0.15494485199451447
9,0.0,0.0001705125905573368,2.3657667043153197e-05,2849,0.3657767176628113,
9,0.0,0.00021277555788401514,0.0,2899,0.42789486050605774,
9,0.0,0.0003181406937073916,0.0,2949,0.6378687024116516,
9,0.0,8.045540016610175e-05,0.0005295552546158433,2999,0.6912473440170288,
9,0.0,0.0001951396989170462,0.00019080097263213247,3049,0.5824867486953735,
9,0.0,0.00020371045684441924,0.0,3099,0.40882715582847595,
9,,,,3129,,0.11539582163095474
10,0.0,0.0001217747776536271,2.5880861358018592e-05,3149,0.270836740732193,
10,0.0,8.73860262800008e-05,8.473744856019039e-06,3199,0.18449589610099792,
10,0.0,0.00010542008385527879,0.0,3249,0.21240268647670746,
10,0.0,0.00017627322813495994,0.0,3299,0.3534839451313019,
10,0.0,0.00011465044372016564,0.0,3349,0.2305508852005005,
10,0.0,0.0001881623174995184,0.0,3399,0.37829455733299255,
10,,,,3442,,0.15077556669712067
11,0.0,0.00013811496319249272,0.0,3449,0.27794867753982544,
11,0.0,0.00019876765145454556,0.0,3499,0.3990978002548218,
11,0.0,0.00011534006625879556,0.0,3549,0.23271137475967407,
11,0.0,9.27998116821982e-05,0.0,3599,0.1871621012687683,
11,0.0,0.0002447501174174249,0.0,3649,0.49153146147727966,
11,0.0,0.00017970181943383068,4.0768030885374174e-05,3699,0.4015781581401825,
11,0.0,0.0003335743967909366,6.787584879930364e-06,3749,0.6762802004814148,
11,,,,3755,,0.14517749845981598
12,0.0,0.0001273227680940181,0.0,3799,0.25605177879333496,
12,0.0,6.226173718459904e-05,1.0286564247508068e-05,3849,0.136528879404068,
12,0.0,4.393043491290882e-05,5.103588409838267e-05,3899,0.14014683663845062,
12,0.0,0.0002352996525587514,1.0739526260294951e-05,3949,0.48212021589279175,
12,0.0,0.00014582023140974343,0.0,3999,0.29382795095443726,
12,0.0,0.00012242219236213714,0.0,4049,0.24578188359737396,
12,,,,4068,,0.1850549429655075
13,0.0,5.048734965384938e-05,0.0,4099,0.1020684540271759,
13,0.0,7.850489782867953e-05,0.0,4149,0.15794730186462402,
13,0.0,0.00017609380302019417,5.1328839845155017e-08,4199,0.3547390103340149,
13,0.0,0.00024224093067459762,0.0,4249,0.4865131080150604,
13,0.0,3.257806383771822e-05,0.0,4299,0.06562487035989761,
13,0.0,4.877115861745551e-05,0.0,4349,0.09863606840372086,
13,,,,4381,,0.09342796355485916
14,0.0,0.00015057125710882246,2.045823566731997e-05,4399,0.3228508234024048,
14,0.0,0.00010323217429686338,0.0,4449,0.20755809545516968,
14,0.0,6.613762525375932e-05,0.0,4499,0.13352526724338531,
14,0.0,0.00010320112050976604,4.141309909755364e-05,4549,0.24922174215316772,
14,0.0,0.00026386871468275785,1.4677750186820049e-05,4599,0.5442902445793152,
14,0.0,0.00015311445167753845,0.0,4649,0.30826014280319214,
14,,,,4694,,0.13408099114894867
15,0.0,6.073965414543636e-05,6.694452622468816e-06,4699,0.1292675882577896,
15,0.0,0.00013299493002705276,0.0,4749,0.26727017760276794,
15,0.0,6.46429616608657e-05,0.0,4799,0.13084843754768372,
15,0.0,4.527125565800816e-05,0.0,4849,0.09210500866174698,
15,0.0,0.00012134819553466514,7.462347275577486e-05,4899,0.3195075988769531,
15,0.0,2.575139660621062e-05,0.00020160315034445375,4949,0.2538873553276062,
15,0.0,9.692129970062524e-05,0.0007153903134167194,4999,0.9103267788887024,
15,,,,5007,,0.1623654067516327
16,0.0,9.99525364022702e-05,0.00011197114508831874,5049,0.3137514293193817,
16,0.0,4.584205453284085e-05,1.2992056326766033e-05,5099,0.10561373829841614,
16,0.0,6.083789048716426e-05,0.0,5149,0.12322480231523514,
16,0.0,0.00021678344637621194,1.0652457604010124e-05,5199,0.445781946182251,
16,0.0,3.5748387745115906e-05,0.0,5249,0.07243426889181137,
16,0.0,0.00021024077432230115,0.0,5299,0.42251282930374146,
16,,,,5320,,0.16949144005775452
17,0.0,9.193074947688729e-05,1.5770423487992957e-05,5349,0.20135074853897095,
17,0.0,0.00018342807015869766,0.0,5399,0.368574857711792,
17,0.0,3.444334288360551e-05,3.231419395888224e-05,5449,0.10260729491710663,
17,0.0,0.00018862901197280735,0.0,5499,0.38038304448127747,
17,0.0,6.624186062254012e-05,0.0,5549,0.13326498866081238,
17,0.0,9.931219392456114e-05,0.0,5599,0.2000306248664856,
17,,,,5633,,0.15267576277256012
18,0.0,0.0001853512367233634,3.953221039409982e-06,5649,0.37675976753234863,
18,0.0,2.337311889277771e-05,0.0,5699,0.04783998802304268,
18,0.0,0.00010859510803129524,0.0,5749,0.21875271201133728,
18,0.0,0.00010282466246280819,0.00014953069330658764,5799,0.3572114408016205,
18,0.0,0.00018682719382923096,0.0002826058189384639,5849,0.658760666847229,
18,0.0,0.00012323010014370084,5.389892521634465e-06,5899,0.25325649976730347,
18,,,,5946,,0.10607464611530304
19,0.0,0.0001307671336689964,0.0,5949,0.26309674978256226,
19,0.0,1.1146337783429772e-05,0.0,5999,0.022605175152420998,
19,0.0,6.395511445589364e-05,0.0,6049,0.12916024029254913,
19,0.0,9.828747715801e-05,2.1244529762043385e-06,6099,0.19994951784610748,
19,0.0,9.652032167650759e-05,0.0,6149,0.19460314512252808,
19,0.0,7.027588435448706e-05,0.0001297063281526789,6199,0.27197691798210144,
19,0.0,3.88822918466758e-05,0.0,6249,0.0791708305478096,
19,,,,6259,,0.0747830718755722
20,0.0,0.00022210803581401706,1.8125272617908195e-05,6299,0.4645289182662964,
20,0.0,0.00016015968867577612,2.291625378347817e-06,6349,0.32542359828948975,
20,0.0,2.541013054724317e-05,0.0,6399,0.052056923508644104,
20,0.0,2.8873804694740102e-05,0.0,6449,0.05868511646986008,
20,0.0,1.99145852093352e-05,0.0,6499,0.0406104177236557,
20,0.0,3.706465940922499e-05,0.0,6549,0.07559438049793243,
20,,,,6572,,0.08972985297441483
21,0.0,7.644319703103974e-05,0.0,6599,0.15444891154766083,
21,0.0,2.6934445486404002e-05,8.362917469639797e-06,6649,0.06308258324861526,
21,0.0,3.299920354038477e-05,1.002441990749503e-06,6699,0.06825092434883118,
21,0.0,6.233087333384901e-05,0.0,6749,0.12575550377368927,
21,0.0,0.0001228169130627066,0.0,6799,0.24750883877277374,
21,0.0,1.7579328414285555e-05,3.996633950009709e-06,6849,0.04040544852614403,
21,,,,6885,,0.07878222316503525
22,0.0,3.6431531043490395e-05,0.0,6899,0.07411306351423264,
22,0.0,4.0576429455541074e-05,0.0,6949,0.0820903554558754,
22,0.0,3.617459151428193e-05,0.0,6999,0.07344293594360352,
22,0.0,5.7411329180467874e-05,2.491751547495369e-05,7049,0.14164498448371887,
22,0.0,0.00010626987932482734,0.0,7099,0.2133210003376007,
22,0.0,3.8626836612820625e-05,0.0,7149,0.07819116860628128,
22,,,,7198,,0.09894585609436035
23,0.0,0.0001725012989481911,3.3736439945641905e-05,7199,0.3810829520225525,
23,0.0,0.0002367979905102402,0.0,7249,0.47593972086906433,
23,0.0,0.00011288971290923655,0.0,7299,0.22827942669391632,
23,0.0,6.705540727125481e-05,1.3401838259596843e-05,7349,0.14860647916793823,
23,0.0,2.412960384390317e-05,0.0,7399,0.0495092011988163,
23,0.0,7.165802526287735e-05,0.0,7449,0.14523091912269592,
23,0.0,4.894827361567877e-05,0.0,7499,0.09867779910564423,
23,,,,7511,,0.14666445553302765
24,0.0,8.69393115863204e-05,5.371741735871183e-06,7549,0.18065668642520905,
24,0.0,0.0001293327659368515,0.00033104210160672665,7599,0.5925203561782837,
24,0.0,1.393625461787451e-05,0.0,7649,0.02849750779569149,
24,0.0,4.065870598424226e-05,0.0,7699,0.08240867406129837,
24,0.0,5.6740693253232166e-05,0.0,7749,0.11488763988018036,
24,0.0,9.924588084686548e-06,2.4671796836628346e-06,7799,0.022941434755921364,
24,,,,7824,,0.0730491355061531
25,0.0,5.860594683326781e-05,0.0,7849,0.11846189200878143,
25,0.0,8.53341625770554e-05,2.7333491743775085e-05,7899,0.1994081437587738,
25,0.0,5.1756556786131114e-05,0.0,7949,0.10491936653852463,
25,0.0,9.763838170329109e-05,0.0,7999,0.19683927297592163,
25,0.0,3.111778642050922e-05,0.0,8049,0.06301683187484741,
25,0.0,8.152807276928797e-05,0.0005558725679293275,8099,0.7200224995613098,
25,,,,8137,,0.09014356136322021
26,0.0,0.00010655222286004573,3.265460327384062e-05,8149,0.24716535210609436,
26,0.0,0.00010156934149563313,0.0,8199,0.20454491674900055,
26,0.0,6.270403537200764e-05,7.236573583213612e-05,8249,0.1998051404953003,
26,0.0,0.00011929757602047175,0.0,8299,0.24062639474868774,
26,0.0,9.129017416853458e-05,0.0,8349,0.18429911136627197,
26,0.0,5.400243753683753e-05,0.0,8399,0.10941112786531448,
26,0.0,1.6113724996102974e-05,0.0,8449,0.03316494822502136,
26,,,,8450,,0.04726705700159073
27,0.0,6.230931467143819e-05,0.0,8499,0.1264936327934265,
27,0.0,9.775706712389365e-05,0.0,8549,0.19707663357257843,
27,0.0,3.0324228646350093e-05,0.0,8599,0.0614297091960907,
27,0.0,6.549114914378151e-05,1.6641899492242374e-05,8649,0.15024897456169128,
27,0.0,0.00011588930647121742,0.0,8699,0.2339819371700287,
27,0.0,2.746643076534383e-05,0.0,8749,0.05696411803364754,
27,,,,8763,,0.042665667831897736
28,0.0,3.879104770021513e-05,0.0,8799,0.07898834347724915,
28,0.0,4.3032596295233816e-05,0.0,8849,0.08794020116329193,
28,0.0,4.409389657666907e-05,2.047957650574972e-06,8899,0.09211090207099915,
28,0.0,4.976931813871488e-05,0.0,8949,0.10156989097595215,
28,0.0,9.99311450868845e-05,0.0,8999,0.20173729956150055,
28,0.0,1.3691576896235347e-05,0.0,9049,0.028164401650428772,
28,,,,9076,,0.04151745140552521
29,0.0,1.5655878087272868e-05,0.0,9099,0.031936753541231155,
29,0.0,6.1466169427149e-05,0.0,9149,0.1241823360323906,
29,0.0,5.949822661932558e-05,0.0,9199,0.12027431279420853,
29,0.0,0.00010037125321105123,0.0,9249,0.20230500400066376,
29,0.0,1.0587299584585708e-05,6.104914973548148e-06,9299,0.02852967008948326,
29,0.0,4.533710307441652e-05,3.7528704979195027e-06,9349,0.09567715227603912,
29,,,,9389,,0.03268775716423988
30,0.0,1.9777035049628466e-05,4.887104751105653e-06,9399,0.04638401046395302,
30,0.0,2.127691186615266e-05,2.6787969545694068e-05,9449,0.07027935981750488,
30,0.0,5.1004812121391296e-05,3.8008570868441893e-07,9499,0.10348354279994965,
30,0.0,3.473147444310598e-05,0.0,9549,0.070244200527668,
30,0.0,5.54226353415288e-05,0.0,9599,0.11323752999305725,
30,0.0,7.417783490382135e-05,1.3771658814221155e-05,9649,0.16471560299396515,
30,0.0,0.00016513338778167963,0.0,9699,0.3327668011188507,
30,,,,9702,,0.0888906791806221
31,0.0,5.062333366367966e-05,0.0,9749,0.10202792286872864,
31,0.0,3.225571708753705e-05,0.0,9799,0.06529268622398376,
31,0.0,8.07440810604021e-05,1.841571975091938e-05,9849,0.18068528175354004,
31,0.0,2.8466682124417275e-05,0.0,9899,0.05818336829543114,
31,0.0,3.0745410185772926e-05,5.121798039908754e-06,9949,0.06786270439624786,
31,0.0,8.801335206953809e-05,0.0,9999,0.17814524471759796,
31,,,,10015,,0.04436282068490982
32,0.0,3.417164407437667e-05,1.1565758768483647e-06,10049,0.07074993848800659,
32,0.0,3.4568514820421115e-05,0.0,10099,0.07054327428340912,
32,0.0,2.416775532765314e-05,0.0,10149,0.04981204494833946,
32,0.0,6.246806879062206e-05,0.0,10199,0.12634237110614777,
32,0.0,2.7388870876166038e-05,0.0,10249,0.05649648979306221,
32,0.0,4.846964293392375e-05,0.0,10299,0.09881428629159927,
32,,,,10328,,0.02841963618993759
33,0.0,2.7835627406602725e-05,3.789215554661496e-07,10349,0.05761275067925453,
33,0.0,4.5554013922810555e-05,2.2320207335724263e-06,10399,0.09599637240171432,
33,0.0,5.42632769793272e-05,2.9921568057034165e-05,10449,0.1398545354604721,
33,0.0,2.1485511751961894e-05,0.0,10499,0.043752267956733704,
33,0.0,3.7228553992463276e-05,0.0,10549,0.07604937255382538,
33,0.0,6.032838427927345e-05,5.290408444125205e-05,10599,0.17522121965885162,
33,,,,10641,,0.030951932072639465
34,0.0,3.018537063326221e-05,0.0,10649,0.061776984483003616,
34,0.0,1.8420243577565998e-05,8.370939212909434e-06,10699,0.04633341357111931,
34,0.0,1.777605757524725e-05,0.0,10749,0.03680211678147316,
34,0.0,3.3447395253460854e-05,0.0,10799,0.0681447982788086,
34,0.0,1.43722390930634e-05,0.0,10849,0.02950197085738182,
34,0.0,6.705957639496773e-05,9.517975558992475e-05,10899,0.2310178279876709,
34,0.0,2.539518754929304e-05,0.0,10949,0.05188412591814995,
34,,,,10954,,0.03745035454630852
35,0.0,2.506581586203538e-05,0.0,10999,0.05091288313269615,
35,0.0,4.200766852591187e-05,3.3925625757547095e-05,11049,0.11946684122085571,
35,0.0,5.1725284720305353e-05,0.00010389307863079011,11099,0.20984387397766113,
35,0.0,2.4315924747497775e-05,0.0,11149,0.049413103610277176,
35,0.0,7.389240636257455e-05,0.0,11199,0.14981169998645782,
35,0.0,1.5697858543717302e-05,0.0,11249,0.03295821696519852,
35,,,,11267,,0.021784022450447083
36,0.0,3.982947237091139e-05,0.0,11299,0.08106519281864166,
36,0.0,1.8387732779956423e-05,0.0,11349,0.03802546486258507,
36,0.0,3.949111487600021e-05,0.0,11399,0.08070097863674164,
36,0.0,2.9239148716442287e-05,7.244282187457429e-06,11449,0.06712890416383743,
36,0.0,9.914654583553784e-06,0.0,11499,0.02045430988073349,
36,0.0,1.7623151506995782e-05,7.840783837309573e-06,11549,0.04418099671602249,
36,,,,11580,,0.020752493292093277
37,0.0,3.816990385985264e-07,0.0,11599,0.0009373636567033827,
37,0.0,2.8179654691484757e-05,1.790108058230544e-06,11649,0.05986824259161949,
37,0.0,2.5392553652636707e-05,3.130065306322649e-05,11699,0.08317990601062775,
37,0.0,6.8884764914400876e-06,0.0,11749,0.014401952736079693,
37,0.0,7.651996384083759e-06,0.0,11799,0.016085242852568626,
37,0.0,9.776408114703372e-05,0.0,11849,0.19802816212177277,
37,,,,11893,,0.02585979551076889
38,0.0,3.0237955797929317e-05,4.001882643933641e-06,11899,0.0668216273188591,
38,0.0,5.500442784978077e-05,6.071747066016542e-06,11949,0.11826818436384201,
38,0.0,0.00013947245315648615,6.0304173530312255e-05,11999,0.34221789240837097,
38,0.0,6.487515202024952e-05,0.0,12049,0.13053154945373535,
38,0.0,3.2316056604031473e-05,0.0,12099,0.0658821165561676,
38,0.0,1.8849132175091654e-05,0.0,12149,0.03963680565357208,
38,0.0,3.9550410292577e-05,0.0,12199,0.08111359924077988,
38,,,,12206,,0.026271967217326164
39,0.0,6.520709575852379e-05,9.74942395259859e-06,12249,0.1423511952161789,
39,0.0,2.34339022426866e-05,0.0,12299,0.048274051398038864,
39,0.0,2.2619871742790565e-05,0.0,12349,0.04664599150419235,
39,0.0,4.275612809578888e-05,7.882238605816383e-06,12399,0.09558206796646118,
39,0.0,5.428400982054882e-06,0.0,12449,0.011325552128255367,
39,0.0,2.475063047313597e-05,0.0,12499,0.05106376111507416,
39,,,,12519,,0.024680593982338905
40,0.0,8.500874173478223e-06,0.0,12549,0.01809549704194069,
40,0.0,1.22761102829827e-05,0.0,12599,0.025645971298217773,
40,0.0,1.511336176918121e-05,2.189412725783768e-06,12649,0.03372165188193321,
40,0.0,5.3149284212850034e-05,1.7271170236199396e-06,12699,0.11036958545446396,
40,0.0,2.74121921393089e-05,6.797387186452397e-07,12749,0.05675420165061951,
40,0.0,7.828852176317014e-06,1.9071030692430213e-05,12799,0.03535381332039833,
40,,,,12832,,0.02447524294257164
41,0.0,3.937567089451477e-05,0.0,12849,0.08109509199857712,
41,0.0,1.5080284356372431e-05,0.0,12899,0.030785566195845604,
41,0.0,1.3748600395047106e-05,1.637042805668898e-05,12949,0.044911716133356094,
41,0.0,6.148847751319408e-05,0.0,12999,0.12535333633422852,
41,0.0,2.3915508791105822e-05,0.0,13049,0.04908101633191109,
41,0.0,1.1290290785836987e-05,0.0,13099,0.02406860888004303,
41,,,,13145,,0.017021358013153076
42,0.0,3.350300539750606e-05,0.0,13149,0.0691935122013092,
42,0.0,4.6192317313398235e-06,0.0,13199,0.010019713081419468,
42,0.0,2.0992703866795637e-05,0.0,13249,0.04354790970683098,
42,0.0,4.5042168494546786e-05,0.0,13299,0.09195934236049652,
42,0.0,2.1565634597209282e-05,0.0,13349,0.04393384978175163,
42,0.0,9.85821861831937e-06,7.594110229547368e-06,13399,0.028200585395097733,
42,0.0,1.5283867469406687e-05,0.0,13449,0.03228648379445076,
42,,,,13458,,0.017638348042964935
43,0.0,1.9550901924958453e-05,0.0,13499,0.0407276526093483,
43,0.0,4.763151810038835e-05,0.0,13549,0.09635677933692932,
43,0.0,3.1622017559129745e-05,0.0,13599,0.06496278196573257,
43,0.0,2.116431642207317e-05,0.0,13649,0.04373488202691078,
43,0.0,2.0133506041020155e-05,0.0,13699,0.04151701554656029,
43,0.0,1.1270498362137005e-05,0.0,13749,0.0237909946590662,
43,,,,13771,,0.023026475682854652
44,0.0,1.4434705008170567e-05,0.0,13799,0.030403658747673035,
44,0.0,6.081965329940431e-05,0.0,13849,0.12335807085037231,
44,0.0,7.280286081368104e-05,1.6042116840253584e-05,13899,0.16352307796478271,
44,0.0,4.042835826112423e-06,0.0,13949,0.009023171849548817,
44,0.0,3.253308386774734e-05,1.4196745041772374e-06,13999,0.06820467859506607,
44,0.0,2.5692497729323804e-05,1.8882486983784474e-05,14049,0.07167388498783112,
44,,,,14084,,0.02475093863904476
45,0.0,2.6130190235562623e-05,0.0,14099,0.05460413172841072,
45,0.0,1.258244810742326e-05,0.0,14149,0.026258643716573715,
45,0.0,6.455443781305803e-06,0.0,14199,0.013818209990859032,
45,0.0,1.4440689483308233e-05,0.0,14249,0.029818879440426826,
45,0.0,2.350549584662076e-05,0.0,14299,0.04916273429989815,
45,0.0,4.125270788790658e-05,0.0,14349,0.08375542610883713,
45,,,,14397,,0.016020210459828377
46,0.0,7.815161552571226e-06,0.0,14399,0.01702377200126648,
46,0.0,1.3661714547197334e-05,0.0,14449,0.028729679062962532,
46,0.0,1.5008288301032735e-06,0.0,14499,0.003626657882705331,
46,0.0,4.062367952428758e-05,0.0,14549,0.08234111219644547,
46,0.0,2.2830019588582218e-05,0.0,14599,0.04706628620624542,
46,0.0,5.555602547246963e-05,0.0,14649,0.11361230164766312,
46,0.0,1.3027731256443076e-05,0.0,14699,0.02714921347796917,
46,,,,14710,,0.026290863752365112
47,0.0,1.2807779057766311e-05,0.0,14749,0.026865558698773384,
47,0.0,2.5971021386794746e-05,7.659096468159987e-08,14799,0.053424958139657974,
47,0.0,1.4604052921640687e-05,0.0,14849,0.030161552131175995,
47,0.0,1.5574851204291917e-05,4.137739324505674e-06,14899,0.03731316700577736,
47,0.0,2.270373261126224e-05,0.0,14949,0.0468137152493,
47,0.0,1.7875943740364164e-05,0.0,14999,0.03684563562273979,
47,,,,15023,,0.014957543462514877
48,0.0,1.088543012883747e-05,0.0,15049,0.02302085980772972,
48,0.0,6.293964361248072e-06,0.0,15099,0.013837928883731365,
48,0.0,1.38305222208146e-05,0.0,15149,0.0289110466837883,
48,0.0,1.1365575119270943e-05,0.0,15199,0.024064041674137115,
48,0.0,2.6109702957910486e-05,0.0,15249,0.053237445652484894,
48,0.0,9.804786714084912e-06,0.0,15299,0.021015821024775505,
48,,,,15336,,0.021638615056872368
49,0.0,4.423636710271239e-06,0.0,15349,0.009784772992134094,
49,0.0,1.5738498404971324e-05,0.0,15399,0.03303847834467888,
49,0.0,1.0384161214460619e-05,0.0,15449,0.022682882845401764,
49,0.0,2.0860403310507536e-05,0.0,15499,0.04357105493545532,
49,0.0,1.5007384718046524e-05,6.032018973201048e-06,15549,0.03745335340499878,
49,0.0,1.4485686733678449e-05,0.0,15599,0.030065122991800308,
49,0.0,3.9331120206043124e-05,0.00011814002209575847,15649,0.1993030607700348,
49,,,,15649,,0.02286449261009693
50,0.0,6.059643783373758e-05,0.0,15699,0.12369287759065628,
50,0.0,1.8117545550921932e-05,0.0,15749,0.038099318742752075,
50,0.0,6.28065117780352e-06,0.0,15799,0.013498802669346333,
50,0.0,1.4920075045665726e-05,9.20369188861514e-07,15849,0.0319414958357811,
50,0.0,5.448579941003118e-06,0.0,15899,0.011990910395979881,
50,0.0,6.383560503309127e-06,4.042385171487695e-06,15949,0.017903411760926247,
50,,,,15962,,0.04252763092517853
51,0.0,3.7032074033049867e-05,0.0,15999,0.07562665641307831,
51,0.0,1.5408950275741518e-05,0.0,16049,0.031759683042764664,
51,0.0,9.229203897120897e-06,0.0,16099,0.019410613924264908,
51,0.0,1.900282222777605e-05,0.0,16149,0.039255645126104355,
51,0.0,2.0926105207763612e-05,0.0,16199,0.043568018823862076,
51,0.0,1.782161598384846e-05,0.0,16249,0.03673698008060455,
51,,,,16275,,0.01418744120746851
52,0.0,3.8790592952864245e-05,0.0,16299,0.08039799332618713,
52,0.0,1.7914337149704807e-05,0.0,16349,0.03770367428660393,
52,0.0,1.9923216314055026e-05,2.769652951428725e-08,16399,0.04143862426280975,
52,0.0,3.379389818292111e-05,2.0371835489640944e-05,16449,0.08967862278223038,
52,0.0,2.229493111371994e-05,0.0,16499,0.046742070466279984,
52,0.0,5.496567609952763e-06,0.0,16549,0.01177438534796238,
52,,,,16588,,0.0152872484177351
53,0.0,1.0688692782423459e-05,0.0,16599,0.02270132675766945,
53,0.0,2.4961989765870385e-05,0.0,16649,0.0517989806830883,
53,0.0,1.9934646843466908e-05,3.076753785080655e-07,16699,0.04153602942824364,
53,0.0,1.88601843547076e-05,0.0,16749,0.03959536924958229,
53,0.0,1.5508925571339205e-05,0.0,16799,0.03195535019040108,
53,0.0,4.196509507892188e-06,0.0,16849,0.009174270555377007,
53,0.0,4.467761755222455e-05,0.0,16899,0.09103076905012131,
53,,,,16901,,0.014032513834536076
54,0.0,7.2503535193391144e-06,0.0,16949,0.015512912534177303,
54,0.0,1.3958167073724326e-05,0.0,16999,0.02901008352637291,
54,0.0,4.1697826418385375e-06,1.7136231917902478e-06,17049,0.01036576647311449,
54,0.0,7.10460062691709e-06,0.0,17099,0.01545920129865408,
54,0.0,6.9539637479465455e-06,1.6974414620563039e-06,17149,0.01678592339158058,
54,0.0,1.7440375813748688e-05,2.395724152393086e-07,17199,0.036995403468608856,
54,,,,17214,,0.015302988700568676
55,0.0,1.6963365851552226e-05,0.0,17249,0.03564548119902611,
55,0.0,6.6448369580029976e-06,0.0,17299,0.014539672993123531,
55,0.0,1.0613446647766978e-05,0.0,17349,0.022230863571166992,
55,0.0,7.826000000932254e-06,0.0,17399,0.017146099358797073,
55,0.0,5.954894277238054e-06,2.4742810182942776e-06,17449,0.015634147450327873,
55,0.0,1.1281768820481375e-05,8.261891935035237e-07,17499,0.02448355220258236,
55,,,,17527,,0.012265092693269253
56,0.0,8.082106432993896e-06,0.0,17549,0.016945460811257362,
56,0.0,1.1086872291343752e-05,0.0,17599,0.023736244067549706,
56,0.0,1.0603928785712924e-05,0.0,17649,0.023707857355475426,
56,0.0,1.0485507118573878e-05,0.0,17699,0.02206476405262947,
56,0.0,3.139228283544071e-06,0.0,17749,0.007326403632760048,
56,0.0,2.2880938558955677e-05,0.0,17799,0.04716234281659126,
56,,,,17840,,0.016598323360085487
57,0.0,1.5498844732064754e-05,0.0,17849,0.03208526596426964,
57,0.0,2.5110515707638115e-05,0.0,17899,0.05209602788090706,
57,0.0,5.095280357636511e-05,0.0,17949,0.10346810519695282,
57,0.0,1.4583859410777222e-05,0.0,17999,0.03026147000491619,
57,0.0,2.568770469224546e-06,0.0,18049,0.005528805311769247,
57,0.0,1.582251934451051e-05,0.0,18099,0.03305163234472275,
57,0.0,1.6636600776109844e-05,0.0,18149,0.03492384031414986,
57,,,,18153,,0.009263751097023487
58,0.0,2.7358396437193733e-06,0.0,18199,0.0060495431534945965,
58,0.0,3.419300810492132e-06,0.0,18249,0.007628627121448517,
58,0.0,2.9443559469655156e-05,0.0,18299,0.06076211854815483,
58,0.0,9.250882612832356e-06,0.0,18349,0.019331978633999825,
58,0.0,2.3647751731914468e-05,0.0,18399,0.047920506447553635,
58,0.0,1.9548733689589426e-05,0.0,18449,0.039878714829683304,
58,,,,18466,,0.012507312931120396
59,0.0,2.0973708160454407e-05,5.30959937350417e-07,18499,0.04395239055156708,
59,0.0,1.8787686713039875e-05,1.676277463502629e-07,18549,0.0393645316362381,
59,0.0,1.609227547305636e-05,0.0,18599,0.033903300762176514,
59,0.0,1.7030244634952396e-05,3.76360418385957e-07,18649,0.03678067401051521,
59,0.0,3.429860225878656e-05,0.0,18699,0.07036414742469788,
59,0.0,1.0023455615737475e-05,0.0,18749,0.02114066295325756,
59,,,,18779,,0.012364118359982967
60,0.0,1.0599172128422651e-05,0.0,18799,0.023137275129556656,
60,0.0,2.4139883407769958e-06,0.0,18849,0.0054529765620827675,
60,0.0,7.995851774467155e-06,0.0,18899,0.016929203644394875,
60,0.0,9.568095265422016e-06,0.0,18949,0.020386191084980965,
60,0.0,1.4187950000632554e-05,0.0,18999,0.02995770424604416,
60,0.0,1.1632525456661824e-05,0.0,19049,0.02404630184173584,
60,,,,19092,,0.009825070388615131
61,0.0,6.8193330662325025e-06,0.0,19099,0.014710932038724422,
61,0.0,1.5884245385677787e-06,0.0,19149,0.00339750899001956,
61,0.0,1.1942601304326672e-05,0.0,19199,0.025291450321674347,
61,0.0,9.461966328672133e-06,0.0,19249,0.020266136154532433,
61,0.0,3.4028080335701816e-06,0.0,19299,0.007899366319179535,
61,0.0,1.6932379367062822e-05,0.0,19349,0.03511475771665573,
61,0.0,1.1397215530450922e-05,0.0,19399,0.024044431746006012,
61,,,,19405,,0.009574352763593197
62,0.0,1.1197267667739652e-05,0.0,19449,0.023731881752610207,
62,0.0,1.5693047316744924e-05,2.7114452905152575e-08,19499,0.03313203528523445,
62,0.0,7.425180228892714e-06,4.006888502772199e-06,19549,0.020419828593730927,
62,0.0,1.982873618544545e-05,0.0,19599,0.04055938869714737,
62,0.0,1.7581194697413594e-05,0.0,19649,0.03646942973136902,
62,0.0,3.752699740289245e-06,1.2001387972304656e-07,19699,0.008406741544604301,
62,,,,19718,,0.020714113488793373
63,0.0,9.667621270637028e-06,0.0,19749,0.020428992807865143,
63,0.0,9.461349691264331e-06,0.0,19799,0.0203289482742548,
63,0.0,9.104186574404594e-06,0.0,19849,0.018989624455571175,
63,0.0,7.791356438247021e-06,0.0,19899,0.016634998843073845,
63,0.0,1.1174254723300692e-05,0.0,19949,0.023598510771989822,
63,0.0,2.7961741579929367e-05,0.0,19999,0.056392233818769455,
63,,,,20031,,0.014639799483120441
64,0.0,1.1439396985224448e-05,0.0,20049,0.02412879280745983,
64,0.0,1.0474081136635505e-05,0.0,20099,0.022473955526947975,
64,0.0,2.846109282472753e-06,0.0,20149,0.006160968914628029,
64,0.0,1.3774625585938338e-05,8.67190976805432e-08,20199,0.029511049389839172,
64,0.0,1.8965401977766305e-05,0.0,20249,0.03943298012018204,
64,0.0,1.3040606063441373e-05,0.0,20299,0.027643712237477303,
64,,,,20344,,0.014095189981162548
65,0.0,9.718614819576032e-06,1.3276960544317262e-06,20349,0.022640081122517586,
65,0.0,4.631727279047482e-06,0.0,20399,0.010501254349946976,
65,0.0,2.3105923901312053e-05,0.0,20449,0.04742901399731636,
65,0.0,1.603806776984129e-05,0.0,20499,0.03340912237763405,
65,0.0,1.738197897793725e-05,0.0,20549,0.03599335625767708,
65,0.0,9.935569323715754e-06,0.0,20599,0.021404391154646873,
65,0.0,7.576845177936775e-07,0.0,20649,0.0017024934059008956,
65,,,,20657,,0.015505901537835598
66,0.0,3.896197995345574e-06,0.0,20699,0.00857364572584629,
66,0.0,1.5948076907079667e-05,0.0,20749,0.03316013887524605,
66,0.0,1.6733432858018205e-05,0.0,20799,0.03574983775615692,
66,0.0,6.4719997681095265e-06,0.0,20849,0.014193998649716377,
66,0.0,3.130611003143713e-05,1.3560480510932393e-05,20899,0.07831862568855286,
66,0.0,5.629902261716779e-06,0.0,20949,0.013074751943349838,
66,,,,20970,,0.015451057814061642
67,0.0,1.6705263305993867e-06,0.0,20999,0.003966052550822496,
67,0.0,7.326006198127288e-06,0.0,21049,0.016138480976223946,
67,0.0,4.503798663790803e-06,0.0,21099,0.009655248373746872,
67,0.0,1.3013267562200781e-05,0.0,21149,0.02680778130888939,
67,0.0,1.658162182138767e-05,2.7281726033834275e-06,21199,0.037471503019332886,
67,0.0,1.561344220135652e-06,0.0,21249,0.0038115407805889845,
67,,,,21283,,0.007780156563967466
68,0.0,5.41826329936157e-06,0.0,21299,0.011334246024489403,
68,0.0,2.5569056560925674e-06,0.0,21349,0.005895061418414116,
68,0.0,1.1941302773266216e-06,0.0,21399,0.002857010578736663,
68,0.0,2.05382275453303e-05,0.0,21449,0.04260007292032242,
68,0.0,2.2597758288611658e-05,0.0,21499,0.046445515006780624,
68,0.0,2.343039795960067e-06,0.0,21549,0.0053110793232917786,
68,,,,21596,,0.008791946806013584
69,0.0,6.755214599252213e-06,6.534826752613299e-06,21599,0.020826740190386772,
69,0.0,6.7784867496811785e-06,0.0,21649,0.014806972816586494,
69,0.0,1.3879884136258624e-05,0.0,21699,0.02873726561665535,
69,0.0,1.0312442100257613e-05,0.0,21749,0.022008033469319344,
69,0.0,5.077145942777861e-06,0.0,21799,0.011248042806982994,
69,0.0,7.586132142023416e-06,3.31773350126241e-07,21849,0.01694471947848797,
69,0.0,2.822974465743755e-06,0.0,21899,0.006279054097831249,
69,,,,21909,,0.010441500693559647
70,0.0,1.3640603810927132e-06,0.0,21949,0.0033531207591295242,
70,0.0,1.6038670764828566e-06,0.0,21999,0.004233845509588718,
70,0.0,1.9416238501435146e-05,0.0,22049,0.04141514375805855,
70,0.0,4.877805622527376e-06,9.309047754868516e-07,22099,0.011467843316495419,
70,0.0,1.723163040878717e-05,1.8431763237458654e-05,22149,0.05456443876028061,
70,0.0,7.403347808576655e-06,0.0,22199,0.015900444239377975,
70,,,,22222,,0.01063257735222578
71,0.0,3.5328869216755265e-06,0.0,22249,0.007847024127840996,
71,0.0,1.5542484106845222e-05,0.0,22299,0.033001795411109924,
71,0.0,2.9295474632817786e-06,0.0,22349,0.0064527420327067375,
71,0.0,1.1156442269566469e-05,0.0,22399,0.024547351524233818,
71,0.0,5.2543309720931575e-06,5.413209009930142e-07,22449,0.012456310912966728,
71,0.0,6.042968379915692e-06,0.0,22499,0.0130234370008111,
71,,,,22535,,0.007810109294950962
72,0.0,1.0626772564137354e-05,0.0,22549,0.022191043943166733,
72,0.0,5.986012638459215e-06,0.0,22599,0.012497561052441597,
72,0.0,1.574491943756584e-05,0.0,22649,0.03211483731865883,
72,0.0,2.9398747756204102e-06,0.0,22699,0.006549139507114887,
72,0.0,2.19165553971834e-06,0.0,22749,0.005548512563109398,
72,0.0,3.199813363607973e-06,0.0,22799,0.0071808770298957825,
72,,,,22848,,0.011396568268537521
73,0.0,1.6339588910341263e-05,5.313999736245023e-06,22849,0.03924325853586197,
73,0.0,1.355723179585766e-05,0.0,22899,0.0288289412856102,
73,0.0,2.8544113774842117e-06,3.037408191630675e-08,22949,0.0060517750680446625,
73,0.0,1.4717115845996886e-06,0.0,22999,0.003412173129618168,
73,0.0,1.183175299956929e-05,0.0,23049,0.024601005017757416,
73,0.0,3.186152525813668e-06,0.0,23099,0.007153554819524288,
73,0.0,1.3291554751049262e-05,0.0,23149,0.028151793405413628,
73,,,,23161,,0.008029526099562645
74,0.0,3.1870499697106425e-06,0.0,23199,0.0071553499437868595,
74,0.0,3.8982338992354926e-06,2.2443842340180709e-07,23249,0.008645984344184399,
74,0.0,2.88335331788403e-06,0.0,23299,0.00639170641079545,
74,0.0,3.2693242246750742e-06,0.0,23349,0.007476148195564747,
74,0.0,7.296944659174187e-06,0.0,23399,0.01506264042109251,
74,0.0,6.0313586800475605e-06,1.5202809322545363e-07,23449,0.012996073812246323,
74,,,,23474,,0.009034818038344383
75,0.0,7.149793418648187e-06,0.0,23499,0.015080837532877922,
75,0.0,5.194397999730427e-06,0.0,23549,0.011619577184319496,
75,0.0,1.3239014151622541e-06,0.0,23599,0.0032728028018027544,
75,0.0,3.187323727615876e-06,0.0,23649,0.007155898027122021,
75,0.0,5.384305950428825e-06,0.0,23699,0.01233111135661602,
75,0.0,1.1192574675078504e-05,0.0,23749,0.023478897288441658,
75,,,,23787,,0.006697988137602806
76,0.0,4.222148618282517e-06,0.0,23799,0.008756796829402447,
76,0.0,1.7531971252537915e-06,0.0,23849,0.003975144121795893,
76,0.0,1.0297695553163067e-05,0.0,23899,0.02153289131820202,
76,0.0,1.9646897442271438e-07,0.0,23949,0.0008241121540777385,
76,0.0,4.000587068730965e-06,0.0,23999,0.008633106015622616,
76,0.0,7.217917300295085e-06,0.0,24049,0.0148613965138793,
76,0.0,5.837388243890018e-07,0.0,24099,0.0019487276440486312,
76,,,,24100,,0.014053433202207088
77,0.0,2.7867483822774375e-06,1.8590259287520894e-06,24149,0.008304397575557232,
77,0.0,1.675243220233824e-05,0.0,24199,0.03547971323132515,
77,0.0,2.6049651751236524e-06,0.0,24249,0.006608643103390932,
77,0.0,3.79408538719872e-06,0.0,24299,0.008369420655071735,
77,0.0,7.796845238772221e-06,0.0,24349,0.017388755455613136,
77,0.0,2.818122084136121e-06,0.0,24399,0.006333840079605579,
77,,,,24413,,0.009781104512512684
78,0.0,9.573166607879102e-06,1.225610162691737e-06,24449,0.022559523582458496,
78,0.0,3.961676611652365e-06,0.0,24499,0.00930244941264391,
78,0.0,1.4368845313583734e-06,0.0,24549,0.0036561242304742336,
78,0.0,1.2812467957701301e-06,0.0,24599,0.003213380230590701,
78,0.0,9.427283657714725e-06,0.0,24649,0.020175065845251083,
78,0.0,1.4234467016649432e-05,0.0,24699,0.02987518720328808,
78,,,,24726,,0.006907961331307888
79,0.0,1.4738112668055692e-06,0.0,24749,0.003416372463107109,
79,0.0,7.162951078498736e-06,0.0,24799,0.015466059558093548,
79,0.0,7.830436516087502e-06,8.531179673809675e-08,24849,0.017145216464996338,
79,0.0,2.398302740402869e-06,0.0,24899,0.005421605426818132,
79,0.0,4.786867975781206e-06,0.0,24949,0.010823735035955906,
79,0.0,1.6000764162527048e-06,0.0,24999,0.0038389344699680805,
79,,,,25039,,0.008310319855809212
80,0.0,6.5946824179263785e-06,0.0,25049,0.014025813899934292,
80,0.0,7.3431206146779004e-06,0.0,25099,0.015208912082016468,
80,0.0,7.165046866930425e-08,0.0,25149,0.0003362560528330505,
80,0.0,2.897803824453149e-06,0.0,25199,0.006843952927738428,
80,0.0,6.527121513499878e-06,0.0,25249,0.013747415505349636,
80,0.0,1.42649732879363e-05,0.0,25299,0.029973944649100304,
80,0.0,1.6730227798689157e-05,0.0,25349,0.03589073568582535,
80,,,,25352,,0.0086642075330019
81,0.0,2.7232790671405382e-06,0.0,25399,0.006118788383901119,
81,0.0,2.457487425999716e-05,1.3607873370347079e-05,25449,0.06510160863399506,
81,0.0,6.438416676246561e-06,2.997591366238339e-07,25499,0.014499028213322163,
81,0.0,2.9976026780786924e-05,0.0,25549,0.06151455640792847,
81,0.0,1.0247772479488049e-05,0.0,25599,0.022064704447984695,
81,0.0,5.462280569190625e-06,0.0,25649,0.01243494637310505,
81,,,,25665,,0.0065291766077280045
82,0.0,1.6487352695548907e-05,0.0,25699,0.03512521833181381,
82,0.0,8.102392712316941e-06,0.0,25749,0.017491666600108147,
82,0.0,6.245317308639642e-06,0.0,25799,0.013428134843707085,
82,0.0,1.1684360288199969e-06,0.0,25849,0.0031565220560878515,
82,0.0,4.658897069020895e-06,0.0,25899,0.010659896768629551,
82,0.0,9.289838999393396e-06,0.0,25949,0.019673431292176247,
82,,,,25978,,0.006417677737772465
83,0.0,3.658213699964108e-06,0.0,25999,0.00885086040943861,
83,0.0,1.2232727385708131e-05,0.0,26049,0.025491656735539436,
83,0.0,2.277726480315323e-06,1.3385330248638638e-06,26099,0.006831564009189606,
83,0.0,1.1289018402749207e-05,0.0,26149,0.023828038945794106,
83,0.0,2.387944505244377e-06,0.0,26199,0.005400889087468386,
83,0.0,3.599801630116417e-06,0.0,26249,0.00831528753042221,
83,,,,26291,,0.00785551592707634
84,0.0,4.760578121931758e-06,0.0,26299,0.010146155953407288,
84,0.0,6.8775862018810585e-06,0.0,26349,0.015481702983379364,
84,0.0,5.920082344346156e-07,0.0,26399,0.0014965165173634887,
84,0.0,6.19417141933809e-06,0.0,26449,0.013710672967135906,
84,0.0,2.1728474166593514e-06,1.6448453266093566e-07,26499,0.00530925253406167,
84,0.0,6.265590855036862e-06,0.0,26549,0.013458309695124626,
84,0.0,1.0344144357077312e-05,0.0,26599,0.021625788882374763,
84,,,,26604,,0.006539962254464626
85,0.0,6.219111128302757e-06,0.0,26649,0.013531971722841263,
85,0.0,4.0264403651235625e-06,0.0,26699,0.009302881546318531,
85,0.0,1.604841418156866e-05,0.0,26749,0.033659327775239944,
85,0.0,1.7863314496935345e-05,0.0,26799,0.038070376962423325,
85,0.0,1.7103200207202462e-06,0.0,26849,0.004207206889986992,
85,0.0,9.065841368283145e-06,0.0,26899,0.019578900188207626,
85,,,,26917,,0.0058064814656972885
86,0.0,4.602284207066987e-06,0.0,26949,0.009829568676650524,
86,0.0,3.4839035834011156e-06,0.0,26999,0.008536933921277523,
86,0.0,2.3063689695845824e-06,0.0,27049,0.006055449601262808,
86,0.0,6.143296559457667e-06,0.0,27099,0.013773911632597446,
86,0.0,2.8924546313646715e-06,0.0,27149,0.006878659129142761,
86,0.0,1.9061837974732043e-06,0.0,27199,0.004689750261604786,
86,,,,27230,,0.00529645336791873
87,0.0,1.1519926374603529e-05,0.0,27249,0.024176662787795067,
87,0.0,3.6523706512525678e-06,0.0,27299,0.008554740808904171,
87,0.0,3.24386746797245e-06,0.0,27349,0.007320609875023365,
87,0.0,1.3167360748411738e-06,0.0,27399,0.0032584720756858587,
87,0.0,2.1556843421421945e-06,0.0,27449,0.006107538938522339,
87,0.0,1.1643724064924754e-06,2.663479392595036e-07,27499,0.0031930420082062483,
87,,,,27543,,0.007458068430423737
88,0.0,3.245300831622444e-06,1.6066168200268294e-06,27549,0.008854109793901443,
88,0.0,6.110842605266953e-06,0.0,27599,0.01300717517733574,
88,0.0,5.176632384973345e-07,0.0,27649,0.001485985005274415,
88,0.0,2.1935363747616066e-06,0.0,27699,0.005274480674415827,
88,0.0,2.179934745072387e-05,0.0,27749,0.04593590646982193,
88,0.0,2.7402361411077436e-06,0.0,27799,0.0064179725013673306,
88,0.0,6.164425030874554e-06,0.0,27849,0.013696466572582722,
88,,,,27856,,0.00465737609192729
89,0.0,1.1252017429796979e-05,0.0,27899,0.02368617244064808,
89,0.0,4.874488240602659e-06,5.251391712590703e-07,27949,0.011698105372488499,
89,0.0,2.95499239655328e-06,0.0,27999,0.006645966786891222,
89,0.0,8.285711373900995e-06,0.0,28049,0.017707251012325287,
89,0.0,1.0700257007556502e-05,0.0,28099,0.023061860352754593,
89,0.0,2.8055824259354267e-06,0.0,28149,0.006392415147274733,
89,,,,28169,,0.006528760772198439
90,0.0,3.3451776744186645e-06,0.0,28199,0.007693426683545113,
90,0.0,5.907139666305739e-07,0.0,28249,0.0017658744473010302,
90,0.0,1.899011977002374e-06,0.0,28299,0.004469257779419422,
90,0.0,1.0634415048116352e-05,0.0,28349,0.0225727129727602,
90,0.0,4.54417829587328e-07,0.0,28399,0.0012213356094434857,
90,0.0,4.168702616880182e-06,0.0,28449,0.009456243366003036,
90,,,,28482,,0.006722192745655775
91,0.0,1.0593993465590756e-05,0.0,28499,0.02231641672551632,
91,0.0,2.7609917196969036e-06,0.0,28549,0.006443270016461611,
91,0.0,3.139487944281427e-06,0.0,28599,0.0065574562177062035,
91,0.0,3.807874008998624e-06,0.0,28649,0.00870949774980545,
91,0.0,2.4639386992930667e-06,0.0,28699,0.006178158335387707,
91,0.0,1.0502384611754678e-05,0.0,28749,0.022451691329479218,
91,,,,28795,,0.005352134350687265
92,0.0,1.1596523563639494e-06,0.0,28799,0.002788054756820202,
92,0.0,3.3880216960824328e-06,0.0,28849,0.00799661222845316,
92,0.0,9.276608579966705e-06,0.0,28899,0.02064858376979828,
92,0.0,8.843926480039954e-06,2.274652217693074e-07,28949,0.01942640356719494,
92,0.0,1.5034984244266525e-06,0.0,28999,0.0036879468243569136,
92,0.0,2.243498329335125e-06,0.0,29049,0.0051368107087910175,
92,0.0,3.577149072953034e-06,0.0,29099,0.007787602953612804,
92,,,,29108,,0.004702809266746044
93,0.0,1.102952410292346e-06,0.0,29149,0.002761119045317173,
93,0.0,5.2431882977543864e-06,9.165274832412251e-07,29199,0.012869457714259624,
93,0.0,4.2600104279699735e-06,0.0,29249,0.009637133218348026,
93,0.0,6.6474726736487355e-06,0.0,29299,0.01407619472593069,
93,0.0,8.297170097648632e-07,0.0,29349,0.0020083999261260033,
93,0.0,6.280868092289893e-07,0.0,29399,0.0016732087824493647,
93,,,,29421,,0.005941155832260847
94,0.0,3.5099767501378665e-06,0.0,29449,0.007771894335746765,
94,0.0,5.833139766764361e-06,0.0,29499,0.012523174285888672,
94,0.0,7.908037332526874e-06,0.0,29549,0.0164621751755476,
94,0.0,1.2019194173262804e-06,0.0,29599,0.003272332949563861,
94,0.0,4.973927048013138e-07,0.0,29649,0.0014116259990260005,
94,0.0,7.67145502322819e-06,0.0,29699,0.01700216718018055,
94,,,,29734,,0.0045800101943314075
95,0.0,7.24374376659398e-06,0.0,29749,0.01585042104125023,
95,0.0,4.002661171398358e-06,0.0,29799,0.00896808598190546,
95,0.0,1.2768746273650322e-05,5.4222455219132826e-06,29849,0.03247430548071861,
95,0.0,7.790861673129257e-06,0.0,29899,0.01620672456920147,
95,0.0,1.7875955791168963e-06,0.0,29949,0.004021280910819769,
95,0.0,2.5496642592770513e-06,0.0,29999,0.006106020417064428,
95,,,,30047,,0.004838502500206232
96,0.0,3.0449266432697186e-06,0.0,30049,0.007698798086494207,
96,0.0,5.5198074733198155e-06,0.0,30099,0.011977114714682102,
96,0.0,8.345232345163822e-06,0.0,30149,0.017844146117568016,
96,0.0,9.259612852474675e-06,0.0,30199,0.019925476983189583,
96,0.0,3.899987859767862e-06,0.0,30249,0.008581225760281086,
96,0.0,1.7184336229547625e-06,0.0,30299,0.004522538743913174,
96,0.0,4.745680143969366e-06,0.0,30349,0.010585110634565353,
96,,,,30360,,0.00465292576700449
97,0.0,6.460309123212937e-06,0.0,30399,0.013821514323353767,
97,0.0,3.165090674883686e-06,0.0,30449,0.007723549846559763,
97,0.0,3.662963990791468e-06,0.0,30499,0.008604967966675758,
97,0.0,7.696863804085297e-07,0.0,30549,0.002008122857660055,
97,0.0,8.851669917930849e-06,0.0,30599,0.01864083856344223,
97,0.0,1.2402908851072425e-06,2.8276249963710143e-07,30649,0.003975951112806797,
97,,,,30673,,0.005285612307488918
98,0.0,1.854645006460487e-06,0.0,30699,0.004803040064871311,
98,0.0,5.6110166042344645e-06,0.0,30749,0.012372448109090328,
98,0.0,5.241921371634817e-06,0.0,30799,0.011265093460679054,
98,0.0,1.3949074855190702e-06,0.0,30849,0.00350087508559227,
98,0.0,1.1091171927546384e-06,0.0,30899,0.0029994845390319824,
98,0.0,4.352523774286965e-06,0.0,30949,0.009642546065151691,
98,,,,30986,,0.005990937817841768
99,0.0,3.4504764698795043e-06,0.0,30999,0.008479204960167408,
99,0.0,5.040958058089018e-06,0.0,31049,0.011175666004419327,
99,0.0,2.011414380831411e-06,1.381746699280484e-07,31099,0.005098581779748201,
99,0.0,1.1751779311452992e-05,8.474003720948531e-08,31149,0.024227097630500793,
99,0.0,1.3257877071737312e-05,0.0,31199,0.027765754610300064,
99,0.0,0.0,0.0,31249,7.382351759588346e-05,
99,0.0,1.6844872163801483e-07,0.0,31299,0.0006493973778560758,
99,,,,31299,,0.00386879057623446
